{
  "kaohsiung_cause_ratio": {
    "Other": 0.5775,
    "Natural Disaster": 0.2406,
    "Rockfall": 0.1818
  },
  "road": {
    "Rockfall": {
      "n_components": 9,
      "weights": [
        0.2047016789115322,
        0.0298901285556592,
        0.1117937011706887,
        0.09037186427267416,
        0.06524422121431045,
        0.13644052785291702,
        0.26271261559013187,
        0.0648276823932696,
        0.03401758003881679
      ],
      "means": [
        4.164133125807398,
        0.913623328319837,
        5.4876426633524495,
        2.3124084360209345,
        7.005276532326548,
        3.33761734850409,
        4.784417721578935,
        1.6731725358594798,
        2.441260302872201e-233
      ],
      "stds": [
        0.24334059758859705,
        0.2728229926196526,
        0.3950871931016695,
        0.2046512299588639,
        1.066314662924754,
        0.3468083703617561,
        0.22810414479762312,
        0.19906458697319857,
        0.001
      ]
    },
    "Natural Disaster": {
      "n_components": 4,
      "weights": [
        0.12787626080547093,
        0.5004995432189411,
        0.2728715325116117,
        0.09875266346397621
      ],
      "means": [
        8.517434934081297,
        4.755374328716306,
        6.5410113529253096,
        3.574400971465747
      ],
      "stds": [
        1.339364979592837,
        0.5852756363173882,
        0.8158736658833063,
        1.0755865416682189
      ]
    },
    "Other": {
      "n_components": 2,
      "weights": [
        0.6713060346063456,
        0.3286939653936544
      ],
      "means": [
        4.726839272909898,
        4.695934338721199
      ],
      "stds": [
        0.6942163294644311,
        2.035863244443085
      ]
    }
  }
}