{
  "kaohsiung_cause_ratio": {
    "Other": 0.5775,
    "Natural Disaster": 0.2406,
    "Rockfall": 0.1818
  },
  "gmm": {
    "Rockfall": {
      "n_components": 9,
      "weights": [
        0.21239134125672623,
        0.08773222654600513,
        0.11375158946678089,
        0.13342556935112276,
        0.04772261510992182,
        0.25799904413213587,
        0.010622031442932726,
        0.08674849394271848,
        0.04960708875165603
      ],
      "means": [
        4.174394266317409,
        1.6114005339693551,
        5.492847005102137,
        3.349359801723312,
        0.1966930979668131,
        4.788133914793089,
        8.517776254131071,
        2.333554245681102,
        6.90813420307421
      ],
      "stds": [
        0.2430855515320695,
        0.34040808063657685,
        0.33793633418156427,
        0.3328118870409699,
        0.3210616694554327,
        0.21325171495631448,
        1.05695972703819,
        0.22037951666550093,
        0.5581699380755194
      ]
    },
    "Natural Disaster": {
      "n_components": 4,
      "weights": [
        0.12787626080547093,
        0.5004995432189411,
        0.2728715325116117,
        0.09875266346397621
      ],
      "means": [
        8.517434934081297,
        4.755374328716306,
        6.5410113529253096,
        3.574400971465747
      ],
      "stds": [
        1.339364979592837,
        0.5852756363173882,
        0.8158736658833063,
        1.0755865416682189
      ]
    },
    "Other": {
      "n_components": 2,
      "weights": [
        0.6713060346063456,
        0.3286939653936544
      ],
      "means": [
        4.726839272909898,
        4.695934338721199
      ],
      "stds": [
        0.6942163294644311,
        2.035863244443085
      ]
    }
  }
}