{
  "kaohsiung_cause_ratio": {
    "Other": 0.5722,
    "Natural Disaster": 0.2406,
    "Rockfall": 0.1818,
    "Traffic Accident": 0.0053
  },
  "gmm": {
    "Rockfall": {
      "n_components": 3,
      "weights": [
        0.5903163520414901,
        0.2966147924562118,
        0.11306885550229813
      ],
      "means": [
        4.532098014923509,
        2.0441965784902667,
        6.175867509443616
      ],
      "stds": [
        0.6150107276978936,
        1.1065090411208789,
        1.3948589665804019
      ]
    },
    "Natural Disaster": {
      "n_components": 4,
      "weights": [
        0.12787626080547093,
        0.5004995432189411,
        0.2728715325116117,
        0.09875266346397621
      ],
      "means": [
        8.517434934081297,
        4.755374328716306,
        6.5410113529253096,
        3.574400971465747
      ],
      "stds": [
        1.339364979592837,
        0.5852756363173882,
        0.8158736658833063,
        1.0755865416682189
      ]
    },
    "Other": {
      "n_components": 2,
      "weights": [
        0.6821337958671236,
        0.3178662041328764
      ],
      "means": [
        4.748129696328822,
        4.657532282618595
      ],
      "stds": [
        0.7004686146284952,
        2.1169525735918224
      ]
    }
  }
}