{
  "kaohsiung_cause_ratio": {
    "Other": 0.5722,
    "Natural Disaster": 0.2406,
    "Rockfall": 0.1818,
    "Traffic Accident": 0.0053
  },
  "gmm": {
    "Rockfall": {
      "n_components": 5,
      "weights": [
        0.4033584694292433,
        0.24761988931358772,
        0.13007929966472997,
        0.1483772296474493,
        0.07056511194498971
      ],
      "means": [
        4.543309543992644,
        1.8203124009258775,
        5.306787120660873,
        3.502105743183755,
        6.897812948497893
      ],
      "stds": [
        0.407351437742876,
        1.0363891346455736,
        0.47638440960963724,
        0.565895280418118,
        1.107514205622385
      ]
    },
    "Natural Disaster": {
      "n_components": 4,
      "weights": [
        0.12787626080547093,
        0.5004995432189411,
        0.2728715325116117,
        0.09875266346397621
      ],
      "means": [
        8.517434934081297,
        4.755374328716306,
        6.5410113529253096,
        3.574400971465747
      ],
      "stds": [
        1.339364979592837,
        0.5852756363173882,
        0.8158736658833063,
        1.0755865416682189
      ]
    },
    "Other": {
      "n_components": 2,
      "weights": [
        0.6821337958671236,
        0.3178662041328764
      ],
      "means": [
        4.748129696328822,
        4.657532282618595
      ],
      "stds": [
        0.7004686146284952,
        2.1169525735918224
      ]
    }
  }
}